{"101": {"product_name": "limca", "product_category": "cool drinks", "product_quantity": 47, "product_price": 20, "purchase_year_of_product": 2021, "expire_year_of_product": 2022}, "102": {"product_name": "coco-cola", "product_category": "cool drinks", "product_quantity": 20, "product_price": 10, "purchase_year_of_product": 2021, "expire_year_of_product": 2022}, "103": {"product_name": "fanta", "product_category": "cool drinks", "product_quantity": 30, "product_price": 25, "purchase_year_of_product": 2021, "expire_year_of_product": 2022}, "104": {"product_name": "sprite", "product_category": "cool drinks", "product_quantity": 25, "product_price": 15, "purchase_year_of_product": 2021, "expire_year_of_product": 2022}, "105": {"product_name": "maaza", "product_category": "cool drinks", "product_quantity": 20, "product_price": 10, "purchase_year_of_product": 2021, "expire_year_of_product": 2022}, "106": {"product_name": "slice", "product_category": "cool drinks", "product_quantity": 40, "product_price": 30, "purchase_year_of_product": 2021, "expire_year_of_product": 2022}, "107": {"product_name": "pepsi", "product_category": "cool drinks", "product_quantity": 35, "product_price": 15, "purchase_year_of_product": 2021, "expire_year_of_product": 2022}, "108": {"product_name": "snickers", "product_category": "chocolates", "product_quantity": 50, "product_price": 10, "purchase_year_of_product": 2021, "expire_year_of_product": 2024}, "109": {"product_name": "dairy milk", "product_category": "chocolates", "product_quantity": 100, "product_price": 20, "purchase_year_of_product": 2021, "expire_year_of_product": 2024}, "110": {"product_name": "5 star", "product_category": "chocolates", "product_quantity": 140, "product_price": 10, "purchase_year_of_product": 2021, "expire_year_of_product": 2024}, "111": {"product_name": "milkybar", "product_category": "chocolates", "product_quantity": 50, "product_price": 20, "purchase_year_of_product": 2021, "expire_year_of_product": 2024}, "112": {"product_name": "perk", "product_category": "chocolates", "product_quantity": 100, "product_price": 10, "purchase_year_of_product": 2021, "expire_year_of_product": 2024}, "113": {"product_name": "munch", "product_category": "chocolates", "product_quantity": 250, "product_price": 5, "purchase_year_of_product": 2021, "expire_year_of_product": 2024}, "114": {"product_name": "cadbury shorts", "product_category": "chocolates", "product_quantity": 500, "product_price": 2, "purchase_year_of_product": 2021, "expire_year_of_product": 2024}, "115": {"product_name": "cadbury gems", "product_category": "chocolates", "product_quantity": 300, "product_price": 10, "purchase_year_of_product": 2021, "expire_year_of_product": 2024}, "116": {"product_name": "kit-kat", "product_category": "chocolates", "product_quantity": 250, "product_price": 20, "purchase_year_of_product": 2021, "expire_year_of_product": 2024}, "117": {"product_name": "white bread", "product_category": "bread", "product_quantity": 50, "product_price": 10, "purchase_year_of_product": 2021, "expire_year_of_product": 2022}, "118": {"product_name": "wheat bread", "product_category": "bread", "product_quantity": 150, "product_price": 20, "purchase_year_of_product": 2021, "expire_year_of_product": 2022}, "119": {"product_name": "whole grain bread", "product_category": "bread", "product_quantity": 250, "product_price": 30, "purchase_year_of_product": 2021, "expire_year_of_product": 2022}, "120": {"product_name": "rye bread", "product_category": "bread", "product_quantity": 85, "product_price": 15, "purchase_year_of_product": 2021, "expire_year_of_product": 2022}, "121": {"product_name": "pretzel", "product_category": "bread", "product_quantity": 50, "product_price": 10, "purchase_year_of_product": 2021, "expire_year_of_product": 2022}, "122": {"product_name": "swiss roll", "product_category": "bread", "product_quantity": 350, "product_price": 20, "purchase_year_of_product": 2021, "expire_year_of_product": 2022}, "123": {"product_name": "craissant", "product_category": "bread", "product_quantity": 250, "product_price": 10, "purchase_year_of_product": 2021, "expire_year_of_product": 2022}, "124": {"product_name": "hamburger bun", "product_category": "bread", "product_quantity": 50, "product_price": 250, "purchase_year_of_product": 2021, "expire_year_of_product": 2022}, "125": {"product_name": "hot dog bun", "product_category": "bread", "product_quantity": 50, "product_price": 10, "purchase_year_of_product": 2021, "expire_year_of_product": 2022}, "126": {"product_name": "donut", "product_category": "bread", "product_quantity": 150, "product_price": 15, "purchase_year_of_product": 2021, "expire_year_of_product": 2022}, "127": {"product_name": "rolls", "product_category": "bread", "product_quantity": 100, "product_price": 10, "purchase_year_of_product": 2021, "expire_year_of_product": 2022}, "128": {"product_name": "breadsticks", "product_category": "bread", "product_quantity": 350, "product_price": 10, "purchase_year_of_product": 2021, "expire_year_of_product": 2022}, "129": {"product_name": "french bread", "product_category": "bread", "product_quantity": 100, "product_price": 20, "purchase_year_of_product": 2021, "expire_year_of_product": 2022}, "130": {"product_name": "angel cake", "product_category": "cake", "product_quantity": 125, "product_price": 100, "purchase_year_of_product": 2021, "expire_year_of_product": 2022}, "131": {"product_name": "apple cake", "product_category": "cake", "product_quantity": 100, "product_price": 150, "purchase_year_of_product": 2021, "expire_year_of_product": 2022}, "132": {"product_name": "babka", "product_category": "cake", "product_quantity": 50, "product_price": 100, "purchase_year_of_product": 2021, "expire_year_of_product": 2022}, "133": {"product_name": "banana cake", "product_category": "cake", "product_quantity": 25, "product_price": 200, "purchase_year_of_product": 2021, "expire_year_of_product": 2022}, "134": {"product_name": "batik cake", "product_category": "cake", "product_quantity": 120, "product_price": 150, "purchase_year_of_product": 2021, "expire_year_of_product": 2022}, "135": {"product_name": "battenberg cake", "product_category": "cake", "product_quantity": 20, "product_price": 270, "purchase_year_of_product": 2021, "expire_year_of_product": 2022}, "136": {"product_name": "blackout cake", "product_category": "cake", "product_quantity": 150, "product_price": 200, "purchase_year_of_product": 2021, "expire_year_of_product": 2022}, "137": {"product_name": "brownie", "product_category": "cake", "product_quantity": 250, "product_price": 50, "purchase_year_of_product": 2021, "expire_year_of_product": 2022}, "138": {"product_name": "cheese cake", "product_category": "cake", "product_quantity": 150, "product_price": 100, "purchase_year_of_product": 2021, "expire_year_of_product": 2022}, "139": {"product_name": "butter cake", "product_category": "cake", "product_quantity": 50, "product_price": 200, "purchase_year_of_product": 2021, "expire_year_of_product": 2022}, "140": {"product_name": "carrot cake", "product_category": "cake", "product_quantity": 150, "product_price": 70, "purchase_year_of_product": 2021, "expire_year_of_product": 2022}, "141": {"product_name": "cupcake", "product_category": "cake", "product_quantity": 350, "product_price": 10, "purchase_year_of_product": 2021, "expire_year_of_product": 2022}, "142": {"product_name": "coconut cake", "product_category": "cake", "product_quantity": 73, "product_price": 300, "purchase_year_of_product": 2021, "expire_year_of_product": 2022}, "143": {"product_name": "oreo", "product_category": "biscuit", "product_quantity": 90, "product_price": 10, "purchase_year_of_product": 2021, "expire_year_of_product": 2022}, "144": {"product_name": "treat", "product_category": "biscuit", "product_quantity": 50, "product_price": 20, "purchase_year_of_product": 2021, "expire_year_of_product": 2022}, "145": {"product_name": "little hearts", "product_category": "biscuit", "product_quantity": 75, "product_price": 10, "purchase_year_of_product": 2021, "expire_year_of_product": 2022}, "146": {"product_name": "marie gold", "product_category": "biscuit", "product_quantity": 50, "product_price": 15, "purchase_year_of_product": 2021, "expire_year_of_product": 2022}, "147": {"product_name": "bour bon", "product_category": "biscuit", "product_quantity": 55, "product_price": 20, "purchase_year_of_product": 2021, "expire_year_of_product": 2022}}